year,rcp,global_ce_dmg,global_dmg,global_dmg_old,gdp,pct_gdp_ce,pct_gdp,pct_gdp_old
2020,rcp45,25363811048.10642,24713603732.3622,24713603732.36404,100994106465608.08,2.511414966252873e-4,2.447034247565527e-4,2.4470342475657093e-4
2020,rcp85,-13940483993.510702,-14576922007.373156,-14576922007.368689,100994106465608.08,-1.380326484521937e-4,-1.4433438264377428e-4,-1.4433438264373007e-4
2021,rcp45,14640762190.250963,14058372604.009054,14058372604.01118,103799176858349.25,1.4104892382943123e-4,1.3543818968038616e-4,1.3543818968040665e-4
2021,rcp85,-3503865412.1078753,-4192411242.911315,-4192411242.9073052,103799176858349.25,-3.375619651482849e-5,-4.038963862529023e-5,-4.03896386252516e-5
2022,rcp45,12731786841.027885,12107175053.017872,12107175053.020172,106707087728027.7,1.1931528741069514e-4,1.1346177007357121e-4,1.1346177007359277e-4
2022,rcp85,36402252426.17504,35733239317.94853,35733239317.9529,106707087728027.7,3.4114184166431544e-4,3.3487221963197515e-4,3.3487221963201613e-4
2023,rcp45,37700957378.619034,37052700327.53227,37052700327.53416,112434344257442.89,3.3531531337341634e-4,3.2954966360360544e-4,3.295496636036222e-4
2023,rcp85,28691669813.570892,27965524662.31471,27965524662.31923,112434344257442.89,2.551859932395307e-4,2.4872760051218476e-4,2.48727600512225e-4
2024,rcp45,18025111075.019154,17358678597.419994,17358678597.42209,115644018854856.05,1.5586721434890927e-4,1.5010442190881263e-4,1.5010442190883073e-4
2024,rcp85,7771991122.929263,6971923340.497003,6971923340.501676,115644018854856.05,6.720616595557641e-5,6.02877987943969e-5,6.028779879443731e-5
2025,rcp45,40028938369.41454,39188200903.00924,39188200903.01145,118973428398991.81,3.3645276015054933e-4,3.2938616151824136e-4,3.2938616151825996e-4
2025,rcp85,28843836298.77648,28001155162.301723,28001155162.306038,118973428398991.81,2.4243931344102466e-4,2.353563777988851e-4,2.3535637779892137e-4
2026,rcp45,47960804675.03567,47129556116.88095,47129556116.88247,121475440788598.42,3.9481893923316576e-4,3.879760041282722e-4,3.8797600412828474e-4
2026,rcp85,46455149922.15027,45620097642.96608,45620097642.97076,121475440788598.42,3.824242136564489e-4,3.755499658762954e-4,3.755499658763339e-4
2027,rcp45,48356197050.36601,47416573809.57509,47416573809.5775,124041490124644.77,3.898388918238134e-4,3.8226381964557107e-4,3.822638196455905e-4
2027,rcp85,48498246643.55568,47570403783.77153,47570403783.7765,124041490124644.77,3.9098406988517765e-4,3.8350396900238597e-4,3.83503969002426e-4
2028,rcp45,55801022877.24183,54791742590.333214,54791742590.33564,129146831754657.95,4.3207426863748244e-4,4.242592856975528e-4,4.242592856975716e-4
2028,rcp85,33116243162.343826,32108316515.92,32108316515.92522,129146831754657.95,2.5642319453298877e-4,2.4861869299989194e-4,2.486186929999324e-4
2029,rcp45,47753569489.96398,46786393239.96979,46786393239.97194,131906367912333.9,3.6202626336964575e-4,3.546939695213534e-4,3.546939695213697e-4
2029,rcp85,16886277672.147373,15881891750.98259,15881891750.987988,131906367912333.9,1.2801715291994195e-4,1.2040276752626401e-4,1.2040276752630493e-4
2030,rcp45,69895757816.11269,68755850991.65778,68755850991.66026,134737245192185.92,5.187560255994182e-4,5.10295804946777e-4,5.102958049467954e-4
2030,rcp85,63154276951.99549,61932342285.16053,61932342285.165504,134737245192185.92,4.6872174699663606e-4,4.5965272777264923e-4,4.5965272777268615e-4
2031,rcp45,73829684728.69011,72696350452.81017,72696350452.81256,136833787915085.27,5.395574138056201e-4,5.312748522164952e-4,5.312748522165126e-4
2031,rcp85,50173446818.346695,48934659585.12653,48934659585.13213,136833787915085.27,3.666743980622882e-4,3.576211718665118e-4,3.5762117186655275e-4
2032,rcp45,82212922256.01128,80986656388.44145,80986656388.44412,138968303803280.86,5.915947738153967e-4,5.827707050600804e-4,5.827707050600997e-4
2032,rcp85,87508377784.8113,86104889940.24902,86104889940.25462,138968303803280.86,6.297002653834316e-4,6.196009275765242e-4,6.196009275765644e-4
2033,rcp45,103374189047.92159,102099410366.82289,102099410366.82489,143269446540460.56,7.215368771507594e-4,7.12639106468448e-4,7.126391064684619e-4
2033,rcp85,89038949018.04376,87849316932.24774,87849316932.25362,143269446540460.56,6.214789766281283e-4,6.131755168568919e-4,6.131755168569329e-4
2034,rcp45,92460308352.9838,91257718197.37874,91257718197.38121,145523467520900.78,6.353635597619622e-4,6.270996681979961e-4,6.270996681980131e-4
2034,rcp85,91305446711.58937,90064983262.39447,90064983262.40005,145523467520900.78,6.274276463242992e-4,6.189034991861976e-4,6.189034991862359e-4
2035,rcp45,76950454972.65376,75569008098.98616,75569008098.9897,147818679683911.62,5.20573280299898e-4,5.112277302204248e-4,5.112277302204487e-4
2035,rcp85,95192810987.5116,93704579244.64325,93704579244.64932,147818679683911.62,6.439836371902884e-4,6.339156826797305e-4,6.339156826797716e-4
2036,rcp45,85100531910.81416,83820250907.33429,83820250907.3365,149769437292163.47,5.682102667235364e-4,5.596619205013205e-4,5.596619205013352e-4
2036,rcp85,107691024836.51048,106118958237.20117,106118958237.2081,149769437292163.47,7.190453992721604e-4,7.085488211469279e-4,7.085488211469742e-4
2037,rcp45,137679656444.83096,136097021354.89217,136097021354.8943,151750085692086.75,9.072789370557205e-4,8.968497166521809e-4,8.96849716652195e-4
2037,rcp85,130326738560.01733,128696560602.3512,128696560602.35672,151750085692086.75,8.588248103164888e-4,8.480822927737053e-4,8.480822927737418e-4
2038,rcp45,126108362973.87767,124659441911.41623,124659441911.4192,155478327736904.66,8.110993011661028e-4,8.017801820094236e-4,8.017801820094428e-4
2038,rcp85,120975044623.1857,119309170696.02307,119309170696.02945,155478327736904.66,7.780830060630425e-4,7.673684971574568e-4,7.673684971574979e-4
2039,rcp45,125653303463.4981,124213613218.77884,124213613218.7818,157552108579219.72,7.975348892288395e-4,7.883970220323789e-4,7.883970220323976e-4
2039,rcp85,118653772832.03543,116889041182.85759,116889041182.86429,157552108579219.72,7.531081234141301e-4,7.419071838323504e-4,7.419071838323929e-4
2040,rcp45,141650167695.85587,140003259821.47006,140003259821.473,159657988898886.12,8.872100210755198e-4,8.768947973542138e-4,8.768947973542321e-4
2040,rcp85,188103688246.42496,186170584627.88397,186170584627.8905,159657988898886.12,0.0011781664641006718,0.0011660586852674732,0.001166058685267514
2041,rcp45,167546345856.4991,165955944142.96213,165955944142.96533,161437930309958.06,0.0010378375486777673,0.001027986073807621,0.0010279860738076408
2041,rcp85,178824999842.33923,176709452240.56604,176709452240.5724,161437930309958.06,0.0011077012663566629,0.001094596863954381,0.0010945968639544206
2042,rcp45,182951158373.254,181212302322.7449,181212302322.74826,163241296854665.72,0.0011207406575318747,0.0011100885977650546,0.0011100885977650752
2042,rcp85,190452468739.1189,188282374115.93716,188282374115.94388,163241296854665.72,0.0011666929411169734,0.0011533991566090387,0.00115339915660908
2043,rcp45,177843325023.46307,176093667037.48224,176093667037.4849,166504030722842.7,0.0010681022210176727,0.0010575940190337024,0.0010575940190337182
2043,rcp85,221572436503.7909,219106673427.74368,219106673427.74994,166504030722842.7,0.00133073316929254,0.0013159241399534746,0.0013159241399535123
2044,rcp45,209251550139.55618,207392523138.48074,207392523138.48376,168380544564806.78,0.0012427299761999455,0.001231689347926173,0.0012316893479261907
2044,rcp85,282419283990.1926,280053654779.1721,280053654779.17914,168380544564806.78,0.0016772679095445869,0.0016632186070130227,0.0016632186070130643
2045,rcp45,192746195229.63486,190843872185.08395,190843872185.0873,170282080725922.75,0.0011319229504827884,0.0011207513519420544,0.0011207513519420741
2045,rcp85,304655078930.49603,302021688073.7894,302021688073.7967,170282080725922.75,0.0017891200156336657,0.0017736551420223009,0.0017736551420223436
2046,rcp45,223943047912.10703,221940235674.5664,221940235674.56955,171836942793551.25,0.0013032299357255046,0.001291574629218179,0.0012915746292181973
2046,rcp85,263151624754.04782,260581866340.44202,260581866340.4491,171836942793551.25,0.0015314030875782285,0.0015164484545882016,0.0015164484545882428
2047,rcp45,232012333008.532,230000281625.4516,230000281625.45502,173409842648398.38,0.0013379421229217918,0.0013263392556776298,0.0013263392556776496
2047,rcp85,317038733220.6751,314009214158.306,314009214158.31287,173409842648398.38,0.0018282626198069692,0.0018107923365975457,0.0018107923365975852
2048,rcp45,232851874659.7643,230913649691.57574,230913649691.57864,176054608728209.53,0.0013226116393194657,0.0013116024133628717,0.0013116024133628882
2048,rcp85,349887008565.8256,346460174859.70197,346460174859.7093,176054608728209.53,0.00198737772952014,0.0019679131228797424,0.001967913122879784
2049,rcp45,264763690972.78076,262639228302.0259,262639228302.02908,177685704061495.88,0.001490067489510286,0.0014781111946469716,0.0014781111946469893
2049,rcp85,367713311579.49713,364296352985.21136,364296352985.2189,177685704061495.88,0.002069459180870476,0.002050228829096632,0.0020502288290966744
2050,rcp45,271973420928.14172,269570913868.72147,269570913868.7245,179336095376578.5,0.0015165570564979623,0.0015031603833163846,0.0015031603833164015
2050,rcp85,408725706515.68097,405219838068.93713,405219838068.94446,179336095376578.5,0.0022791045252625757,0.002259555374048025,0.002259555374048066
2051,rcp45,311744696051.9192,309041773785.74994,309041773785.7526,180819258805054.06,0.0017240679898374058,0.0017091197908234758,0.0017091197908234907
2051,rcp85,436071436606.7469,432079940503.0717,432079940503.07886,180819258805054.06,0.0024116426507249807,0.00238956814311969,0.0023895681431197295
2052,rcp45,323197668914.7916,320939330171.8042,320939330171.8081,182319260575603.56,0.0017727017315363072,0.0017603150054391434,0.0017603150054391649
2052,rcp85,474146469212.0471,469850586001.32025,469850586001.327,182319260575603.56,0.0026006383950610066,0.0025770759738600636,0.002577075973860101
2053,rcp45,351184621432.217,348448995105.4024,348448995105.40564,184588993316905.5,0.001902522003732353,0.0018877019092204447,0.0018877019092204622
2053,rcp85,539897939270.8491,535119802091.4355,535119802091.44275,184588993316905.5,0.0029248652889283773,0.0028989800121653666,0.002898980012165406
2054,rcp45,329495266159.1598,326597446816.9499,326597446816.9531,186144740269280.47,0.001770102478761988,0.0017545349191413514,0.001754534919141369
2054,rcp85,521205316641.7785,516662351284.81305,516662351284.8207,186144740269280.47,0.0028000002357724055,0.002775594682596992,0.002775594682597033
2055,rcp45,384207457383.6942,381477437748.30774,381477437748.3114,187718581912643.5,0.0020467204336888107,0.0020321772829385194,0.002032177282938539
2055,rcp85,617036579550.1758,611718551893.6304,611718551893.6378,187718581912643.5,0.0032870298361689053,0.003258700048023477,0.003258700048023517
2056,rcp45,393939921523.88196,390847136179.2998,390847136179.3033,189311982521148.4,0.002080903259675463,0.0020645662835189925,0.0020645662835190107
2056,rcp85,600582536011.9271,595138379307.9055,595138379307.9136,189311982521148.4,0.0031724486110900818,0.003143691019354369,0.0031436910193544114
2057,rcp45,388147390537.9972,384763484129.73926,384763484129.7418,190923971855140.28,0.0020329945305794087,0.002015270688070908,0.0020152706880709214
2057,rcp85,663666931966.6061,657997203016.8162,657997203016.8231,190923971855140.28,0.0034760796432108066,0.003446383377756557,0.0034463833777565933
2058,rcp45,384991374252.1359,381870697600.10583,381870697600.1095,192969798160219.06,0.0019950861633408826,0.0019789143235929905,0.0019789143235930096
2058,rcp85,712655434051.2852,706086671731.1156,706086671731.1237,192969798160219.06,0.0036930931205078074,0.003659052755731576,0.003659052755731618
2059,rcp45,455064217550.58954,451674536694.7603,451674536694.76447,194639619026333.72,0.0023379834990789913,0.0023205683352352387,0.00232056833523526
2059,rcp85,700687853880.4767,693986002006.4855,693986002006.4937,194639619026333.72,0.003599924092461758,0.0035654919870789143,0.0035654919870789564
2060,rcp45,476619993854.2294,472882337295.4854,472882337295.48865,196329405324661.2,0.0024276546504384514,0.002408616969595059,0.0024086169695950754
2060,rcp85,823956806602.2185,816514702844.4734,816514702844.481,196329405324661.2,0.00419680793735242,0.004158901726892308,0.004158901726892347
2061,rcp45,500474588427.7264,496749933299.19574,496749933299.19885,198043551150476.2,0.002527093588861467,0.002508286336078464,0.0025082863360784795
2061,rcp85,894245504300.8701,885693225622.4968,885693225622.5055,198043551150476.2,0.004515398250061726,0.004472214421915385,0.004472214421915428
2062,rcp45,524986985183.28064,520994650486.6191,520994650486.62244,199778412191362.7,0.002627846419564136,0.002607862605232699,0.002607862605232716
2062,rcp85,877559912018.3308,868357731639.1985,868357731639.2065,199778412191362.7,0.0043926663666629725,0.00434660443095033,0.0043466044309503704
2063,rcp45,512983946986.04596,508978042825.8464,508978042825.8491,201915106026855.72,0.002540592217591766,0.002520752670967321,0.0025207526709673344
2063,rcp85,956511732947.891,945797930969.3463,945797930969.355,201915106026855.72,0.004737197487446383,0.004684136564024836,0.004684136564024878
2064,rcp45,548264074788.99023,544274883644.27386,544274883644.2774,203714091617862.94,0.002691340939818004,0.002671758636438621,0.0026717586364386385
2064,rcp85,1029463756752.6293,1019747895183.5046,1019747895183.513,203714091617862.94,0.005053473466547168,0.00500577985099037,0.005005779850990411
2065,rcp45,575902601096.7452,571939766171.09375,571939766171.0979,205535357365321,0.0028019636547162493,0.0027826831037859883,0.0027826831037860086
2065,rcp85,1019522310764.2854,1009026751334.3918,1009026751334.3998,205535357365321,0.004960325677455944,0.004909261181476118,0.004909261181476156
2066,rcp45,603895873810.0115,599669773664.1361,599669773664.1401,207305535350039.8,0.0029130716301922206,0.0028926857773073013,0.0028926857773073204
2066,rcp85,1137396346326.9365,1126399679497.8777,1126399679497.8857,207305535350039.8,0.005486570073521764,0.005433524375487262,0.005433524375487301
2067,rcp45,627487188948.4161,622505274430.7947,622505274430.7983,209097490678199.84,0.0030009312254928792,0.0029771054277682733,0.0029771054277682907
2067,rcp85,1189857178048.2424,1177299531826.1985,1177299531826.207,209097490678199.84,0.00569044216737841,0.005630385749765201,0.005630385749765243
2068,rcp45,635510875427.6476,630772691820.5149,630772691820.5186,211175624883445.84,0.0030093950273778285,0.00298695785637503,0.0029869578563750474
2068,rcp85,1283737074695.3608,1268477674581.869,1268477674581.8772,211175624883445.84,0.006079002135799971,0.0060067428486691105,0.0060067428486691495
2069,rcp45,604130466741.1326,599365386270.8843,599365386270.8877,213035797024550.7,0.0028358166804779354,0.0028134491697740928,0.002813449169774109
2069,rcp85,1348613129183.742,1334247593444.9036,1334247593444.9126,213035797024550.7,0.006330453135199269,0.006263020638222327,0.006263020638222369
2070,rcp45,666270152463.7804,660944754276.0187,660944754276.0222,214919444863411.2,0.0031000924690049256,0.0030753138911933826,0.003075313891193399
2070,rcp85,1366814405987.0225,1352592768105.7964,1352592768105.8052,214919444863411.2,0.006359659112537168,0.0062934871666238314,0.006293487166623872
2071,rcp45,643688205026.347,638824475021.0878,638824475021.0919,216709718126529.8,0.0029702784470907683,0.0029478349219581317,0.002947834921958151
2071,rcp85,1466010099787.976,1447263239900.3232,1447263239900.332,216709718126529.8,0.006764856290071957,0.00667834951017431,0.006678349510174351
2072,rcp45,673265704256.3481,667710338123.9027,667710338123.9071,218522169961514.8,0.0030809949598016566,0.0030555725226483746,0.003055572522648395
2072,rcp85,1637049734172.2473,1616412963511.7444,1616412963511.753,218522169961514.8,0.007491458347043494,0.007397020466145015,0.007397020466145054
2073,rcp45,713255670665.3285,707373639115.5007,707373639115.5044,220815478749563,0.0032300981557287682,0.0032034603874747645,0.003203460387474781
2073,rcp85,1580955600108.0146,1562100648234.824,1562100648234.8335,220815478749563,0.007159623089199508,0.007074235271370963,0.007074235271371006
2074,rcp45,772650479722.5033,766562011497.799,766562011497.8032,222702847690359.34,0.0034694234390607245,0.0034420844611902234,0.003442084461190243
2074,rcp85,1694078996537.5103,1674739334628.9458,1674739334628.9553,222702847690359.34,0.007606903163146422,0.007520062504802197,0.007520062504802239
2075,rcp45,745955593838.7198,740355334507.4945,740355334507.4987,224614225818685.78,0.003321052311445642,0.0032961195214105798,0.0032961195214105984
2075,rcp85,1838839615465.2146,1816796025620.0525,1816796025620.0613,224614225818685.78,0.008186656961565612,0.00808851718540132,0.008088517185401357
2076,rcp45,743051422020.8425,736792336965.7101,736792336965.7142,226453512807771.78,0.0032812536789905843,0.003253614076594813,0.0032536140765948313
2076,rcp85,1888129191606.5664,1862490627915.0735,1862490627915.0825,226453512807771.78,0.008337822488138354,0.008224604709471098,0.008224604709471138
2077,rcp45,853577829319.793,847074375132.8177,847074375132.8224,228315424778941.66,0.0037385902864260686,0.003710105771228412,0.003710105771228432
2077,rcp85,2045278535428.8035,2016016846088.657,2016016846088.6663,228315424778941.66,0.008958126843199807,0.008829963407161799,0.008829963407161839
2078,rcp45,823096838905.1869,816413603829.072,816413603829.0767,230698553755263.62,0.0035678456821986344,0.0035388761244475064,0.0035388761244475263
2078,rcp85,2022185532369.0015,1995283661931.2844,1995283661931.2937,230698553755263.62,0.008765488554012503,0.008648878068165002,0.008648878068165042
2079,rcp45,840303098002.5903,833529909746.3243,833529909746.3291,232637272930204.72,0.0036120742279105726,0.0035829594254072864,0.0035829594254073067
2079,rcp85,2219861429246.3726,2187744133610.8435,2187744133610.8528,232637272930204.72,0.009542157201577797,0.00940409980763145,0.00940409980763149
2080,rcp45,972305103152.2355,963120518728.7076,963120518728.711,234600463063930.25,0.0041445148507114225,0.004105364951757366,0.00410536495175738
2080,rcp85,2353654182025.2344,2316929081859.2207,2316929081859.23,234600463063930.25,0.01003260671904065,0.009876063549064017,0.009876063549064056
2081,rcp45,891927170941.5591,883899787509.7014,883899787509.706,236443589192624.75,0.0037722620181295254,0.003738311495473071,0.0037383114954730903
2081,rcp85,2415882399795.435,2378615992142.7344,2378615992142.744,236443589192624.75,0.010217584701893843,0.01005997244528772,0.010059972445287762
2082,rcp45,940961230108.0372,933434007472.6228,933434007472.6274,238309306724780.5,0.003948487128094993,0.0039169011915704596,0.003916901191570479
2082,rcp85,2544865269002.8477,2504992376154.461,2504992376154.471,238309306724780.5,0.010678832916676102,0.010511517198308312,0.010511517198308356
2083,rcp45,958792752111.3073,951194802216.0897,951194802216.0935,241065466727774.06,0.0039773127405014624,0.003945794539249529,0.003945794539249544
2083,rcp85,2724601689621.2417,2678089746635.826,2678089746635.8364,241065466727774.06,0.011302330966790982,0.011109387765026044,0.011109387765026088
2084,rcp45,955725603108.5806,947945266090.4231,947945266090.4274,243011824530856.88,0.003932835799054814,0.003900819509176007,0.003900819509176025
2084,rcp85,2769699934168.9688,2722562008272.0806,2722562008272.0903,243011824530856.88,0.011397387511969736,0.011203413716711462,0.011203413716711502
2085,rcp45,968329985660.6746,960212332759.2738,960212332759.2788,244982630023861.94,0.003952647522668676,0.003919511896275041,0.003919511896275061
2085,rcp85,2854973868506.98,2797298711071.934,2797298711071.944,244982630023861.94,0.011653780793474615,0.011418355296452937,0.011418355296452977
2086,rcp45,1091179174642.2894,1081028900784.2969,1081028900784.3018,246897982062757.5,0.004419554852274691,0.00437844364604615,0.00437844364604617
2086,rcp85,3025964734800.4756,2969752088246.43,2969752088246.4395,246897982062757.5,0.012255931415556583,0.012028255814142567,0.012028255814142606
2087,rcp45,995523833170.4176,986745967419.7955,986745967419.8,248836863217244.38,0.004000708819019656,0.00396543323469854,0.003965433234698558
2087,rcp85,3118886627239.7754,3063232083885.492,3063232083885.5034,248836863217244.38,0.012533860887471743,0.012310202131149556,0.0123102021311496
2088,rcp45,987169566462.7657,979286360639.1011,979286360639.1052,251774509706832.75,0.003920847934972567,0.0038895373553875096,0.003889537355387526
2088,rcp85,3259353052209.7983,3197729247858.9434,3197729247858.953,251774509706832.75,0.012945524374191025,0.012700766457980166,0.012700766457980206
2089,rcp45,1077736094617.3784,1069048289218.2308,1069048289218.2354,253795178172801.94,0.0042464797888460215,0.004212248226758454,0.004212248226758471
2089,rcp85,3422611081166.818,3351515710555.6963,3351515710555.706,253795178172801.94,0.013485721461723197,0.013205592536016364,0.013205592536016402
2090,rcp45,1077063994567.0704,1067574589069.4637,1067574589069.4685,255841209997204.78,0.004209892513324331,0.004172801516538823,0.004172801516538842
2090,rcp85,3675237868053.7334,3599962813258.944,3599962813258.954,255841209997204.78,0.014365308341427433,0.014071082658256172,0.014071082658256212
2091,rcp45,1116403214667.496,1105832850615.1533,1105832850615.1584,257851354468144.94,0.004329638744656728,0.004288644722833009,0.004288644722833029
2091,rcp85,3761027447860.0605,3685968406340.9517,3685968406340.962,257851354468144.94,0.014586029441721236,0.0142949352115826,0.01429493521158264
2092,rcp45,1139954644892.1035,1130593047305.673,1130593047305.6775,259886104615546.12,0.004386362428181597,0.004350340503884108,0.004350340503884126
2092,rcp85,4062847574448.9336,3977863610889.1816,3977863610889.192,259886104615546.12,0.015633185084901604,0.015306180439210868,0.015306180439210908
2093,rcp45,1083949444472.7195,1074735209572.8773,1074735209572.8824,263361601686972.84,0.004115821887205423,0.004080834877554737,0.0040808348775547565
2093,rcp85,4063410397119.586,3970745425546.6855,3970745425546.6963,263361601686972.84,0.015429016117350649,0.015077161591180808,0.015077161591180848
2094,rcp45,1121819738608.6257,1112563977393.8252,1112563977393.83,265482765428866.12,0.004225584047975453,0.004190720160672454,0.004190720160672472
2094,rcp85,4180699396266.35,4091484208926.923,4091484208926.9346,265482765428866.12,0.015747535963446687,0.015411487078332403,0.015411487078332448
2095,rcp45,1245767466485.3115,1235042741918.3271,1235042741918.332,267630391342300.9,0.004654805682707265,0.004614732787722527,0.004614732787722545
2095,rcp85,4485732815476.696,4376313095522.8774,4376313095522.8877,267630391342300.9,0.01676092462062508,0.016352078228386052,0.01635207822838609
2096,rcp45,1201265080835.5986,1192017076336.2888,1192017076336.294,269746874029690.8,0.004453304918385732,0.004419020908487282,0.004419020908487301
2096,rcp85,4582373131997.956,4482606351072.523,4482606351072.533,269746874029690.8,0.016987678350235777,0.016617825015385078,0.016617825015385113
2097,rcp45,1143380297252.4136,1133189715016.761,1133189715016.766,271889161310994.75,0.0042053176807021805,0.004167837031651973,0.004167837031651992
2097,rcp85,4724510692167.008,4617172906536.719,4617172906536.7295,271889161310994.75,0.017376605486538594,0.016981820401643234,0.016981820401643272
2098,rcp45,1238605773959.8362,1227055212018.0632,1227055212018.0679,275458005882867.12,0.00449653213015173,0.004454599923807781,0.004454599923807798
2098,rcp85,4904840309209.806,4785348426123.123,4785348426123.135,275458005882867.12,0.017806127266075864,0.017372333800158252,0.017372333800158294
2099,rcp45,1294103027290.7065,1283563137327.69,1283563137327.6948,277686898032266.06,0.004660295593565733,0.004622339571737898,0.004622339571737915
2099,rcp85,5105950547899.149,4970774241498.438,4970774241498.449,277686898032266.06,0.01838743773682062,0.017900643770815773,0.01790064377081581
2100,rcp45,0,0,0,279943421535150.06,0,0,0
2100,rcp85,0,0,0,279943421535150.06,0,0,0
